{
  "Ag": 18.05159545905466,
  "V": 13.87169537834788,
  "Cu": 11.445998564977856,
  "Sc": 25.25341451096069,
  "Ta": 18.48848542855201,
  "Zr": 23.60958923376473,
  "In": 26.484932144895392,
  "Os": 14.20097625582487,
  "Ga": 17.718394913398264,
  "Cr": 12.033863296366732,
  "Hf": 21.93877186247789,
  "Cd": 21.93906692037408,
  "Zn": 16.13043594907879,
  "La": 37.572158946375566,
  "Ti": 17.443182239748065,
  "Hg": 27.649277113418922,
  "Nb": 18.90330124606366,
  "Tl": 30.183653438947445,
  "W": 18.08604109935029,
  "Sn": 27.353445542118358,
  "Tc": 14.251690501010907,
  "Pd": 15.066523697886696,
  "Mn": 11.939396475715112,
  "Pb": 33.905161841052355,
  "Re": 14.810860042989248,
  "Rh": 13.801484312161007,
  "Fe": 11.641687065719713,
  "Au": 19.548790625345912,
  "Al": 17.688252505357063,
  "Mo": 16.5605712725779,
  "Pt": 15.814561755491281,
  "Ru": 13.551176835248535,
  "Ni": 34.17965105731446,
  "Bi": 35.458533938335755,
  "Y": 33.56109538179613,
  "Ir": 14.627122669776762,
  "Co": 11.158430439670711,
  "Mg": 22.60722103370626,
  "Nd": 35.35195141161264,
  "Sm": 33.831567296340694,
  "Pr": 37.281322079739454,
  "Li": 20.347259270998425,
  "Tb": 32.00468586959248,
  "Ce": 25.50164500404376,
  "Ca": 43.36096382607296,
  "Si": 22.937410281285487,
  "Dy": 31.503476903320923
}